[
    {
        "question": "What does doctype in HTML do?",
        "category": "HTML",
        "answers": [
            {
                "answer": "Tells the browser how to render the HTML markup",
                "value": true
            },
            {
                "answer": "Loads all references to external JavaScript files",
                "value": false
            },
            {
                "answer": "Adds CSS styles to the HTML page",
                "value": false
            },
            {
                "answer": "It doesn't do anything it's just there as a comment to other developers",
                "value": false
            }
        ]
    },
    {
        "question": "What's the difference between standards and quirks mode?",
        "category": "HTML",
        "answers": [
            {
                "answer": "When W3C standards came out browsers couldn't start using them right away so there was two modes standards and quirks mode",
                "value": true
            },
            {
                "answer": "Quirks mode refers to WebKit browsers and standards mode refers to IE",
                "value": false
            },
            {
                "answer": "Quirks mode is used for testing and standards mode is used in production websites",
                "value": false
            },
            {
                "answer": "Quirks mode refers to the developer tools and standards mode refers to the browser window",
                "value": false
            }
        ]
    },
    {
        "question": "What maybe a problem with serving pages as application/xhtml+xml?",
        "category": "HTML",
        "answers": [
            {
                "answer": "Browsers that don't accept it render plain text/html",
                "value": true
            },
            {
                "answer": "There are performance issues",
                "value": false
            },
            {
                "answer": "The browser only displays the CSS and not the HTML",
                "value": false
            },
            {
                "answer": "Fonts render at 62.5%",
                "value": false
            }
        ]
    },
    {
        "question": "How do you declare the language in HTML?",
        "category": "HTML",
        "answers": [
            {
                "answer": "A language attribute can be added to the HTML tag",
                "value": true
            },
            {
                "answer": "A language attribute should be added to the body tag",
                "value": false
            },
            {
                "answer": "There's no way to declare it in HTML, it requires JavaScript",
                "value": false
            },
            {
                "answer": "By adding a class to the body tag",
                "value": false
            }
        ]
    },
    {
        "question": "What are data- attributes good for?",
        "category": "HTML",
        "answers": [
            {
                "answer": "Provide the ability to embed custom data attributes on all HTML elements",
                "value": true
            },
            {
                "answer": "Create a way to not have to use classes and IDs for styling",
                "value": false
            },
            {
                "answer": "They aren't good because they are legacy attributes that are no longer used in HTML5",
                "value": false
            },
            {
                "answer": "They are good for accessibility",
                "value": false
            }
        ]
    },
    {
        "question": "What is NOT an HTML5 element?",
        "category": "HTML",
        "answers": [
            {
                "answer": "block",
                "value": true
            },
            {
                "answer": "audio",
                "value": false
            },
            {
                "answer": "canvas",
                "value": false
            },
            {
                "answer": "section",
                "value": false
            }
        ]
    },
    {
        "question": "What is the difference between sessionStorage and localStorage?",
        "category": "HTML",
        "answers": [
            {
                "answer": "localStorage stores data with no expiration date",
                "value": true
            },
            {
                "answer": "sessionStorage can only be used once",
                "value": false
            },
            {
                "answer": "sessionStorage holds more data",
                "value": false
            },
            {
                "answer": "There's no difference they both accomplish the same thing",
                "value": false
            }
        ]
    },
    {
        "question": "How can you make a script run asynchronous?",
        "category": "HTML",
        "answers": [
            {
                "answer": "script async",
                "value": true
            },
            {
                "answer": "asynchronous",
                "value": false
            },
            {
                "answer": "async script",
                "value": false
            },
            {
                "answer": "script asynchronous",
                "value": false
            }
        ]
    },
    {
        "question": "What is WAI-ARIA?",
        "category": "HTML",
        "answers": [
            {
                "answer": "Web Accessibility Initiative – Accessible Rich Internet Applications",
                "value": true
            },
            {
                "answer": "Web Access Internationaly - All Real Internet Areas",
                "value": false
            },
            {
                "answer": "Web standards",
                "value": false
            },
            {
                "answer": "A group that focuses on helping browser load times",
                "value": false
            }
        ]
    },
    {
        "question": "What is the difference between classes and IDs in CSS?",
        "category": "CSS",
        "answers": [
            {
                "answer": "IDs can only be used once in the HTML",
                "value": true
            },
            {
                "answer": "IDs can be accessed by JavaScript",
                "value": false
            },
            {
                "answer": "Classes are used on children elements",
                "value": false
            },
            {
                "answer": "Classes can't be added to the body element",
                "value": false
            }
        ]
    },
    {
        "question": "What does 'reset' in CSS mean?",
        "category": "CSS",
        "answers": [
            {
                "answer": "Resets the default browser styling",
                "value": true
            },
            {
                "answer": "Normalizes styles accross all browsers",
                "value": false
            },
            {
                "answer": "Removes inline CSS styles",
                "value": false
            },
            {
                "answer": "Start the project over",
                "value": false
            }
        ]
    },
    {
        "question": "What does z-index do?",
        "category": "CSS",
        "answers": [
            {
                "answer": "Controls the vertical stacking order of elements that overlap",
                "value": true
            },
            {
                "answer": "Moves elements off screen",
                "value": false
            },
            {
                "answer": "Hides elements from the screen",
                "value": false
            },
            {
                "answer": "Controls the horizontal stacking order of elements that overlap",
                "value": false
            }
        ]
    },
    {
        "question": "What does clearfix in CSS do?",
        "category": "CSS",
        "answers": [
            {
                "answer": "Fixes issues related to floating child elements within a parent element",
                "value": true
            },
            {
                "answer": "Removes elements from the DOM",
                "value": false
            },
            {
                "answer": "Hides content off screen",
                "value": false
            },
            {
                "answer": "Used for continuous scroll",
                "value": false
            }
        ]
    },
    {
        "question": "What are CSS sprites?",
        "category": "CSS",
        "answers": [
            {
                "answer": "A collection of images put into a single image",
                "value": true
            },
            {
                "answer": "CSS animations",
                "value": false
            },
            {
                "answer": "Small images",
                "value": false
            },
            {
                "answer": "Minified images",
                "value": false
            }
        ]
    },
    {
        "question": "What are Sass, Stylus and LESS?",
        "category": "CSS",
        "answers": [
            {
                "answer": "CSS pre-processors",
                "value": true
            },
            {
                "answer": "CSS frameworks",
                "value": false
            },
            {
                "answer": "Repsonsive CSS grid systems",
                "value": false
            },
            {
                "answer": "Types of CSS",
                "value": false
            }
        ]
    },
    {
        "question": "What is the box model?",
        "category": "CSS",
        "answers": [
            {
                "answer": "All HTML elements can be considered as boxes",
                "value": true
            },
            {
                "answer": "A way of stacking HTML elements",
                "value": false
            },
            {
                "answer": "A way of styling HTML elements",
                "value": false
            },
            {
                "answer": "Creates a way to position the browser grid",
                "value": false
            }
        ]
    },
    {
        "question": "What does the 'C' in CSS stand for?",
        "category": "CSS",
        "answers": [
            {
                "answer": "Cascading",
                "value": true
            },
            {
                "answer": "Concatenate",
                "value": false
            },
            {
                "answer": "Color",
                "value": false
            },
            {
                "answer": "Complete",
                "value": false
            }
        ]
    },
    {
        "question": "Which one of these is a CSS framework?",
        "category": "CSS",
        "answers": [
            {
                "answer": "Bootstrap",
                "value": true
            },
            {
                "answer": "Angular",
                "value": false
            },
            {
                "answer": "Backbone",
                "value": false
            },
            {
                "answer": "CSS Block",
                "value": false
            }
        ]
    }
]